

[
    {
        "id_reserva":1,
        "idUsuario":1,
        "idJuego:":1,
        "idMesa":1,
        "fecha_inicio":"2020-08-30",
        "fecha_fin":"2020-09-13",
        "completado":"true"

    },
    {
        "id_reserva":2,
        "idUsuario":1,
        "idJuego:":1,
        "idMesa":1,
        "fecha_inicio":"2021-08-30",
        "fecha_fin":"2021-09-13",
        "completado":"true"

    },
    {
        "id_reserva":3,
        "idUsuario":1,
        "idJuego:":1,
        "idMesa":1,
        "fecha_inicio":"2022-08-30",
        "fecha_fin":"2022-09-13",
        "completado":"true"

    },
    {
        "id_reserva":4,
        "idUsuario":1,
        "idJuego:":1,
        "idMesa":1,
        "fecha_inicio":"2023-08-30",
        "fecha_fin":"2023-09-13",
        "completado":"true"

    }
   

 



]
